id,tier,tierLabel,name,prototype,excluded,status,size,filePath,imageUrl,note
1,1,Ⅰ阶,隐现,,false,ok,28880,D:\大黄算法？？？\卫戍协议干员头像包\01_I阶\001_Ⅰ阶_隐现.png,https://media.prts.wiki/8/85/%E5%A4%B4%E5%83%8F_%E9%9A%90%E7%8E%B0.png?v=lpkhj45rbw2pqttsp855b6c3s6on0r2,
2,1,Ⅰ阶,角峰,,false,ok,30371,D:\大黄算法？？？\卫戍协议干员头像包\01_I阶\002_Ⅰ阶_角峰.png,https://media.prts.wiki/e/e4/%E5%A4%B4%E5%83%8F_%E8%A7%92%E5%B3%B0.png?v=g4ge910dynpmpo1su4esxvrp7n6u5gy,
3,1,Ⅰ阶,惊蛰,,false,ok,47566,D:\大黄算法？？？\卫戍协议干员头像包\01_I阶\003_Ⅰ阶_惊蛰.png,https://media.prts.wiki/8/81/%E5%A4%B4%E5%83%8F_%E6%83%8A%E8%9B%B0.png?v=rd5f555ccej2xxx5sulaarn73mp90ij,
4,1,Ⅰ阶,深巡,,false,ok,51292,D:\大黄算法？？？\卫戍协议干员头像包\01_I阶\004_Ⅰ阶_深巡.png,https://media.prts.wiki/b/bd/%E5%A4%B4%E5%83%8F_%E6%B7%B1%E5%B7%A1.png?v=ny3ttxedafpa4566kioro7zyipxmped,
5,1,Ⅰ阶,刺玫,,false,ok,57871,D:\大黄算法？？？\卫戍协议干员头像包\01_I阶\005_Ⅰ阶_刺玫.png,https://media.prts.wiki/c/c6/%E5%A4%B4%E5%83%8F_%E5%88%BA%E7%8E%AB.png?v=akposrhtjm3rqnn76m2osqqf2ku5a2u,
6,1,Ⅰ阶,普罗旺斯,,false,ok,30971,D:\大黄算法？？？\卫戍协议干员头像包\01_I阶\006_Ⅰ阶_普罗旺斯.png,https://media.prts.wiki/7/72/%E5%A4%B4%E5%83%8F_%E6%99%AE%E7%BD%97%E6%97%BA%E6%96%AF.png?v=byliat0gpdc9tlz9vw124euwnqi87gl,
7,1,Ⅰ阶,德克萨斯,,false,ok,28778,D:\大黄算法？？？\卫戍协议干员头像包\01_I阶\007_Ⅰ阶_德克萨斯.png,https://media.prts.wiki/5/57/%E5%A4%B4%E5%83%8F_%E5%BE%B7%E5%85%8B%E8%90%A8%E6%96%AF.png?v=328qz9ljzcwjdztnfykw3s1suc6j9e6,
8,1,Ⅰ阶,跃跃,,false,ok,55691,D:\大黄算法？？？\卫戍协议干员头像包\01_I阶\008_Ⅰ阶_跃跃.png,https://media.prts.wiki/a/aa/%E5%A4%B4%E5%83%8F_%E8%B7%83%E8%B7%83.png?v=o2urq14800tpmvv0ajghkjb61x3878g,
9,1,Ⅰ阶,古米,,false,ok,32520,D:\大黄算法？？？\卫戍协议干员头像包\01_I阶\009_Ⅰ阶_古米.png,https://media.prts.wiki/0/07/%E5%A4%B4%E5%83%8F_%E5%8F%A4%E7%B1%B3.png?v=ot5114sbggsrxuaxsqdpqhv7d48u761,
10,1,Ⅰ阶,艾丝黛尔,,false,ok,51865,D:\大黄算法？？？\卫戍协议干员头像包\01_I阶\010_Ⅰ阶_艾丝黛尔.png,https://media.prts.wiki/5/57/%E5%A4%B4%E5%83%8F_%E8%89%BE%E4%B8%9D%E9%BB%9B%E5%B0%94.png?v=2owu4uzy2k3q2saej9jnq9a4sj5p4q1,
11,1,Ⅰ阶,波登可,,false,ok,33227,D:\大黄算法？？？\卫戍协议干员头像包\01_I阶\011_Ⅰ阶_波登可.png,https://media.prts.wiki/4/43/%E5%A4%B4%E5%83%8F_%E6%B3%A2%E7%99%BB%E5%8F%AF.png?v=gr3zwhkxgqae32v3ft9nxydb9f26yvj,
12,1,Ⅰ阶,格雷伊,,false,ok,36208,D:\大黄算法？？？\卫戍协议干员头像包\01_I阶\012_Ⅰ阶_格雷伊.png,https://media.prts.wiki/f/fe/%E5%A4%B4%E5%83%8F_%E6%A0%BC%E9%9B%B7%E4%BC%8A.png?v=ngflv6lv5s8zxsbwrdg7a3mjr6xypkc,
13,1,Ⅰ阶,盟约·辅助干员,,true,ok,55263,D:\大黄算法？？？\卫戍协议干员头像包\特殊池_不进普通奖励\013_Ⅰ阶_盟约·辅助干员.png,https://media.prts.wiki/4/45/%E5%A4%B4%E5%83%8F_%E7%9B%9F%E7%BA%A6%C2%B7%E8%BE%85%E5%8A%A9%E5%B9%B2%E5%91%98.png?v=2hpic9lsizfs6tq6na9i8alll9n6mnu,
14,1,Ⅰ阶,深靛,,false,ok,41396,D:\大黄算法？？？\卫戍协议干员头像包\01_I阶\014_Ⅰ阶_深靛.png,https://media.prts.wiki/9/92/%E5%A4%B4%E5%83%8F_%E6%B7%B1%E9%9D%9B.png?v=0zlc6coik0pgzh5dx03ncpz53haktgc,
15,1,Ⅰ阶,宴,,false,ok,32119,D:\大黄算法？？？\卫戍协议干员头像包\01_I阶\015_Ⅰ阶_宴.png,https://media.prts.wiki/f/f4/%E5%A4%B4%E5%83%8F_%E5%AE%B4.png?v=bygonrjb6ykudm220di4oae4n9l3s31,
16,1,Ⅰ阶,野鬃,,false,ok,53204,D:\大黄算法？？？\卫戍协议干员头像包\01_I阶\016_Ⅰ阶_野鬃.png,https://media.prts.wiki/9/9f/%E5%A4%B4%E5%83%8F_%E9%87%8E%E9%AC%83.png?v=1mbg952y5lrc4oirsk194ucl5vljszx,
17,1,Ⅰ阶,雷蛇,,false,ok,34669,D:\大黄算法？？？\卫戍协议干员头像包\01_I阶\017_Ⅰ阶_雷蛇.png,https://media.prts.wiki/f/f5/%E5%A4%B4%E5%83%8F_%E9%9B%B7%E8%9B%87.png?v=45jo5e8ihqvre4o84uotaixajyjn723,
18,2,Ⅱ阶,送葬人,,false,ok,30697,D:\大黄算法？？？\卫戍协议干员头像包\02_II阶\018_Ⅱ阶_送葬人.png,https://media.prts.wiki/d/da/%E5%A4%B4%E5%83%8F_%E9%80%81%E8%91%AC%E4%BA%BA.png?v=jq64c3sdv6rpcllmj3dagx2jno5b9fw,
19,2,Ⅱ阶,赫默,,false,ok,41498,D:\大黄算法？？？\卫戍协议干员头像包\02_II阶\019_Ⅱ阶_赫默.png,https://media.prts.wiki/3/39/%E5%A4%B4%E5%83%8F_%E8%B5%AB%E9%BB%98.png?v=7r0d8xu8trppew7alof1k60kq0usb4m,
20,2,Ⅱ阶,小满,,false,ok,65044,D:\大黄算法？？？\卫戍协议干员头像包\02_II阶\020_Ⅱ阶_小满.png,https://media.prts.wiki/1/1d/%E5%A4%B4%E5%83%8F_%E5%B0%8F%E6%BB%A1.png?v=lnrax2tu555gwqwig992tagdlee5iyf,
21,2,Ⅱ阶,哈洛德,,false,ok,64429,D:\大黄算法？？？\卫戍协议干员头像包\02_II阶\021_Ⅱ阶_哈洛德.png,https://media.prts.wiki/2/22/%E5%A4%B4%E5%83%8F_%E5%93%88%E6%B4%9B%E5%BE%B7.png?v=kd790vy8hz90qgcqfkb6434b2xelyyp,
22,2,Ⅱ阶,莎草,,false,ok,62308,D:\大黄算法？？？\卫戍协议干员头像包\02_II阶\022_Ⅱ阶_莎草.png,https://media.prts.wiki/3/3d/%E5%A4%B4%E5%83%8F_%E8%8E%8E%E8%8D%89.png?v=gqlwpomjrht9xzt19t3hdgmo22ql2oh,
23,2,Ⅱ阶,幽灵鲨,,false,ok,36717,D:\大黄算法？？？\卫戍协议干员头像包\02_II阶\023_Ⅱ阶_幽灵鲨.png,https://media.prts.wiki/2/28/%E5%A4%B4%E5%83%8F_%E5%B9%BD%E7%81%B5%E9%B2%A8.png?v=kj2hb1e3pzd4p10olls6n69ybj44v53,
24,2,Ⅱ阶,泡泡,,false,ok,42468,D:\大黄算法？？？\卫戍协议干员头像包\02_II阶\024_Ⅱ阶_泡泡.png,https://media.prts.wiki/2/28/%E5%A4%B4%E5%83%8F_%E6%B3%A1%E6%B3%A1.png?v=0roka4vr38781c0p9hkld4un0rh3b71,
25,2,Ⅱ阶,休谟斯,,false,ok,48807,D:\大黄算法？？？\卫戍协议干员头像包\02_II阶\025_Ⅱ阶_休谟斯.png,https://media.prts.wiki/e/e0/%E5%A4%B4%E5%83%8F_%E4%BC%91%E8%B0%9F%E6%96%AF.png?v=flefrnvhxme0x1gv6o4hy28879hz7ll,
26,2,Ⅱ阶,洛洛,,false,ok,37498,D:\大黄算法？？？\卫戍协议干员头像包\02_II阶\026_Ⅱ阶_洛洛.png,https://media.prts.wiki/d/d4/%E5%A4%B4%E5%83%8F_%E6%B4%9B%E6%B4%9B.png?v=hdmntmtjymzi8y4vaywgtjgnkecv31r,
27,2,Ⅱ阶,风丸,,false,ok,39664,D:\大黄算法？？？\卫戍协议干员头像包\02_II阶\027_Ⅱ阶_风丸.png,https://media.prts.wiki/1/12/%E5%A4%B4%E5%83%8F_%E9%A3%8E%E4%B8%B8.png?v=h2vdo3x6pugbtxhfrcxuvgb9c8uhb6z,
28,2,Ⅱ阶,砾,,false,ok,37707,D:\大黄算法？？？\卫戍协议干员头像包\02_II阶\028_Ⅱ阶_砾.png,https://media.prts.wiki/c/ce/%E5%A4%B4%E5%83%8F_%E7%A0%BE.png?v=bzlix516i59ysfxxd6vxdlym5q1rgxg,
29,2,Ⅱ阶,蒂比,,false,ok,66683,D:\大黄算法？？？\卫戍协议干员头像包\02_II阶\029_Ⅱ阶_蒂比.png,https://media.prts.wiki/0/09/%E5%A4%B4%E5%83%8F_%E8%92%82%E6%AF%94.png?v=lgg6g6nox64lzop9qv9uabm6h716acd,
30,2,Ⅱ阶,调香师,,false,ok,30429,D:\大黄算法？？？\卫戍协议干员头像包\02_II阶\030_Ⅱ阶_调香师.png,https://media.prts.wiki/6/6a/%E5%A4%B4%E5%83%8F_%E8%B0%83%E9%A6%99%E5%B8%88.png?v=s29o00qkgo6n7236nretpq1l90s02rq,
31,2,Ⅱ阶,拉普兰德,,false,ok,35267,D:\大黄算法？？？\卫戍协议干员头像包\02_II阶\031_Ⅱ阶_拉普兰德.png,https://media.prts.wiki/b/bf/%E5%A4%B4%E5%83%8F_%E6%8B%89%E6%99%AE%E5%85%B0%E5%BE%B7.png?v=9udtr14uwjuni4kb62zj5hrim0ont1u,
32,2,Ⅱ阶,折桠,,false,ok,57439,D:\大黄算法？？？\卫戍协议干员头像包\02_II阶\032_Ⅱ阶_折桠.png,https://media.prts.wiki/a/a0/%E5%A4%B4%E5%83%8F_%E6%8A%98%E6%A1%A0.png?v=4e3p8d74e19eqfk8uuoue4vigm21gve,
33,2,Ⅱ阶,灰毫,,false,ok,44700,D:\大黄算法？？？\卫戍协议干员头像包\02_II阶\033_Ⅱ阶_灰毫.png,https://media.prts.wiki/2/21/%E5%A4%B4%E5%83%8F_%E7%81%B0%E6%AF%AB.png?v=0rxtmreco7h44mzyqa7mdssbjxy82qv,
34,2,Ⅱ阶,锡人,,false,ok,47050,D:\大黄算法？？？\卫戍协议干员头像包\02_II阶\034_Ⅱ阶_锡人.png,https://media.prts.wiki/a/a1/%E5%A4%B4%E5%83%8F_%E9%94%A1%E4%BA%BA.png?v=fnmryi3b4q6qb8efqlcp10j6dx3ogz9,
35,3,Ⅲ阶,能天使,预备干员-狙击(卫戍协议),false,ok,35350,D:\大黄算法？？？\卫戍协议干员头像包\03_III阶\035_Ⅲ阶_能天使.png,https://media.prts.wiki/a/ad/%E5%A4%B4%E5%83%8F_%E8%83%BD%E5%A4%A9%E4%BD%BF.png?v=6oajxz9unrq9putp88cfdgqbtlz8rzj,
36,3,Ⅲ阶,断崖,,false,ok,46832,D:\大黄算法？？？\卫戍协议干员头像包\03_III阶\036_Ⅲ阶_断崖.png,https://media.prts.wiki/e/ea/%E5%A4%B4%E5%83%8F_%E6%96%AD%E5%B4%96.png?v=6i5xjtb7vlozqiklcp7mbfbryriuexm,
37,3,Ⅲ阶,诗怀雅,,false,ok,36349,D:\大黄算法？？？\卫戍协议干员头像包\03_III阶\037_Ⅲ阶_诗怀雅.png,https://media.prts.wiki/5/50/%E5%A4%B4%E5%83%8F_%E8%AF%97%E6%80%80%E9%9B%85.png?v=roecpn5dyor5x8gt1hd0emaafvz3uxh,
38,3,Ⅲ阶,琳琅诗怀雅,预备干员-医疗(卫戍协议),false,ok,59359,D:\大黄算法？？？\卫戍协议干员头像包\03_III阶\038_Ⅲ阶_琳琅诗怀雅.png,https://media.prts.wiki/7/74/%E5%A4%B4%E5%83%8F_%E7%90%B3%E7%90%85%E8%AF%97%E6%80%80%E9%9B%85.png?v=dstb5xs0cf1o2vfwfvmhs4q4lbctqyb,
39,3,Ⅲ阶,斯卡蒂,预备干员-近卫(卫戍协议),false,ok,35138,D:\大黄算法？？？\卫戍协议干员头像包\03_III阶\039_Ⅲ阶_斯卡蒂.png,https://media.prts.wiki/5/53/%E5%A4%B4%E5%83%8F_%E6%96%AF%E5%8D%A1%E8%92%82.png?v=p5pzx4b9ugsdvnrmdeub5903cainr40,
40,3,Ⅲ阶,菲莱,,false,ok,50438,D:\大黄算法？？？\卫戍协议干员头像包\03_III阶\040_Ⅲ阶_菲莱.png,https://media.prts.wiki/0/00/%E5%A4%B4%E5%83%8F_%E8%8F%B2%E8%8E%B1.png?v=p0q8kr943gl2evaoq0qdt3z5ztfw7g5,
41,3,Ⅲ阶,薄绿,,false,ok,34255,D:\大黄算法？？？\卫戍协议干员头像包\03_III阶\041_Ⅲ阶_薄绿.png,https://media.prts.wiki/3/30/%E5%A4%B4%E5%83%8F_%E8%96%84%E7%BB%BF.png?v=lojbc83sqennoi1gc4aqfepzardp25g,
42,3,Ⅲ阶,海霓,,false,ok,47827,D:\大黄算法？？？\卫戍协议干员头像包\03_III阶\042_Ⅲ阶_海霓.png,https://media.prts.wiki/7/72/%E5%A4%B4%E5%83%8F_%E6%B5%B7%E9%9C%93.png?v=rtb82hguapgfj7smed833c9ffq22ft1,
43,3,Ⅲ阶,松果,,false,ok,42785,D:\大黄算法？？？\卫戍协议干员头像包\03_III阶\043_Ⅲ阶_松果.png,https://media.prts.wiki/5/5e/%E5%A4%B4%E5%83%8F_%E6%9D%BE%E6%9E%9C.png?v=cpchsgcvxezrppips5plbszlky7ck4a,
44,3,Ⅲ阶,雪猎,,false,ok,68226,D:\大黄算法？？？\卫戍协议干员头像包\03_III阶\044_Ⅲ阶_雪猎.png,https://media.prts.wiki/c/cc/%E5%A4%B4%E5%83%8F_%E9%9B%AA%E7%8C%8E.png?v=q1p3ashfqxoing3gtf4izf8q28vvpxy,
45,3,Ⅲ阶,瑕光,郁金香(卫戍协议),false,ok,48876,D:\大黄算法？？？\卫戍协议干员头像包\03_III阶\045_Ⅲ阶_瑕光.png,https://media.prts.wiki/f/f7/%E5%A4%B4%E5%83%8F_%E7%91%95%E5%85%89.png?v=efvf4k6h74niuevz00n814mg39ma3gk,
46,3,Ⅲ阶,至简,,false,ok,27691,D:\大黄算法？？？\卫戍协议干员头像包\03_III阶\046_Ⅲ阶_至简.png,https://media.prts.wiki/9/98/%E5%A4%B4%E5%83%8F_%E8%87%B3%E7%AE%80.png?v=inkufdrrn5f8u4d7ew1rcei5f3pd559,
47,3,Ⅲ阶,初雪,,false,ok,38995,D:\大黄算法？？？\卫戍协议干员头像包\03_III阶\047_Ⅲ阶_初雪.png,https://media.prts.wiki/d/d7/%E5%A4%B4%E5%83%8F_%E5%88%9D%E9%9B%AA.png?v=j9nnlixq7s1s4vejqtws8ejyyx87rr2,
48,3,Ⅲ阶,蛇屠箱,,false,ok,34763,D:\大黄算法？？？\卫戍协议干员头像包\03_III阶\048_Ⅲ阶_蛇屠箱.png,https://media.prts.wiki/0/02/%E5%A4%B4%E5%83%8F_%E8%9B%87%E5%B1%A0%E7%AE%B1.png?v=mfpcwpbdklp7x2394m9a8lqv3vs64ll,
49,3,Ⅲ阶,流星,,false,ok,28386,D:\大黄算法？？？\卫戍协议干员头像包\03_III阶\049_Ⅲ阶_流星.png,https://media.prts.wiki/1/14/%E5%A4%B4%E5%83%8F_%E6%B5%81%E6%98%9F.png?v=qz1wuatgzkwt0n3cca4y6gp9zyb9rb6,
50,3,Ⅲ阶,忍冬,Sharp(卫戍协议),false,ok,55996,D:\大黄算法？？？\卫戍协议干员头像包\03_III阶\050_Ⅲ阶_忍冬.png,https://media.prts.wiki/7/79/%E5%A4%B4%E5%83%8F_%E5%BF%8D%E5%86%AC.png?v=jt5n1i7kpf58v844nhaqfryhs9j13ze,
51,3,Ⅲ阶,伺夜,,false,ok,43811,D:\大黄算法？？？\卫戍协议干员头像包\03_III阶\051_Ⅲ阶_伺夜.png,https://media.prts.wiki/d/df/%E5%A4%B4%E5%83%8F_%E4%BC%BA%E5%A4%9C.png?v=j6o5zlz47rejy73pdlv80d422atnyfw,
52,3,Ⅲ阶,耶拉,,false,ok,35772,D:\大黄算法？？？\卫戍协议干员头像包\03_III阶\052_Ⅲ阶_耶拉.png,https://media.prts.wiki/7/71/%E5%A4%B4%E5%83%8F_%E8%80%B6%E6%8B%89.png?v=pzk3rkqpwx4hshsf9u2v9gbcgmy1odo,
53,3,Ⅲ阶,空弦,Stormeye(卫戍协议),false,ok,39394,D:\大黄算法？？？\卫戍协议干员头像包\03_III阶\053_Ⅲ阶_空弦.png,https://media.prts.wiki/b/bb/%E5%A4%B4%E5%83%8F_%E7%A9%BA%E5%BC%A6.png?v=bzfw2tv6qm53pmh222kv7jvgx664iex,
54,4,Ⅳ阶,信仰搅拌机,,false,ok,53199,D:\大黄算法？？？\卫戍协议干员头像包\04_IV阶\054_Ⅳ阶_信仰搅拌机.png,https://media.prts.wiki/1/13/%E5%A4%B4%E5%83%8F_%E4%BF%A1%E4%BB%B0%E6%90%85%E6%8B%8C%E6%9C%BA.png?v=7sxqv2togox3v72nvfat6frq2ustwhl,
55,4,Ⅳ阶,莫斯提马,Stormeye(卫戍协议),false,ok,38604,D:\大黄算法？？？\卫戍协议干员头像包\04_IV阶\055_Ⅳ阶_莫斯提马.png,https://media.prts.wiki/0/0b/%E5%A4%B4%E5%83%8F_%E8%8E%AB%E6%96%AF%E6%8F%90%E9%A9%AC.png?v=pr275l53qqpgrts8ysq6uvlgcgm06v3,
56,4,Ⅳ阶,伊内丝,预备干员-特种(卫戍协议),false,ok,35724,D:\大黄算法？？？\卫戍协议干员头像包\04_IV阶\056_Ⅳ阶_伊内丝.png,https://media.prts.wiki/8/8c/%E5%A4%B4%E5%83%8F_%E4%BC%8A%E5%86%85%E4%B8%9D.png?v=t2oh0mz4oysmtmpv764fm9s7mb02ow9,
57,4,Ⅳ阶,蜜蜡,,false,ok,36664,D:\大黄算法？？？\卫戍协议干员头像包\04_IV阶\057_Ⅳ阶_蜜蜡.png,https://media.prts.wiki/1/1d/%E5%A4%B4%E5%83%8F_%E8%9C%9C%E8%9C%A1.png?v=4o47behno7zak1v6kso8e94xubg1412,
58,4,Ⅳ阶,寒芒克洛丝,,false,ok,41677,D:\大黄算法？？？\卫戍协议干员头像包\04_IV阶\058_Ⅳ阶_寒芒克洛丝.png,https://media.prts.wiki/3/39/%E5%A4%B4%E5%83%8F_%E5%AF%92%E8%8A%92%E5%85%8B%E6%B4%9B%E4%B8%9D.png?v=4msi8j31w4e1g7bwzfzlzy3ueizklnq,
59,4,Ⅳ阶,风笛,预备干员-近卫(卫戍协议),false,ok,34623,D:\大黄算法？？？\卫戍协议干员头像包\04_IV阶\059_Ⅳ阶_风笛.png,https://media.prts.wiki/d/de/%E5%A4%B4%E5%83%8F_%E9%A3%8E%E7%AC%9B.png?v=49m51r9wv4yibmi5hx502923biklqf3,
60,4,Ⅳ阶,瑰盐,,false,ok,57426,D:\大黄算法？？？\卫戍协议干员头像包\04_IV阶\060_Ⅳ阶_瑰盐.png,https://media.prts.wiki/8/8a/%E5%A4%B4%E5%83%8F_%E7%91%B0%E7%9B%90.png?v=87zu8940gvuqhds0ai3u2feypn38ocf,
61,4,Ⅳ阶,水月,领主·Sharp,false,ok,43153,D:\大黄算法？？？\卫戍协议干员头像包\04_IV阶\061_Ⅳ阶_水月.png,https://media.prts.wiki/0/05/%E5%A4%B4%E5%83%8F_%E6%B0%B4%E6%9C%88.png?v=leyje8lcqshmr2rn9iu4ydndnqb1rbh,
62,4,Ⅳ阶,阿罗玛,,false,ok,47326,D:\大黄算法？？？\卫戍协议干员头像包\04_IV阶\062_Ⅳ阶_阿罗玛.png,https://media.prts.wiki/f/f6/%E5%A4%B4%E5%83%8F_%E9%98%BF%E7%BD%97%E7%8E%9B.png?v=800e03xayxkqwibzvopcvf11jlat2yq,
63,4,Ⅳ阶,凯瑟琳,,false,ok,61899,D:\大黄算法？？？\卫戍协议干员头像包\04_IV阶\063_Ⅳ阶_凯瑟琳.png,https://media.prts.wiki/e/e9/%E5%A4%B4%E5%83%8F_%E5%87%AF%E7%91%9F%E7%90%B3.png?v=nz37o0kwf7wzrj6p3ziomotq0gpibyn,
64,4,Ⅳ阶,歌蕾蒂娅,,false,ok,35741,D:\大黄算法？？？\卫戍协议干员头像包\04_IV阶\064_Ⅳ阶_歌蕾蒂娅.png,https://media.prts.wiki/0/0d/%E5%A4%B4%E5%83%8F_%E6%AD%8C%E8%95%BE%E8%92%82%E5%A8%85.png?v=hcql1343jm676uj69p3z5418zxjvv81,
65,4,Ⅳ阶,灵知,Raidian(卫戍协议),false,ok,38238,D:\大黄算法？？？\卫戍协议干员头像包\04_IV阶\065_Ⅳ阶_灵知.png,https://media.prts.wiki/9/9f/%E5%A4%B4%E5%83%8F_%E7%81%B5%E7%9F%A5.png?v=oxm5dq79j3y3qpx850ed1knjapmutja,
66,4,Ⅳ阶,莱恩哈特,,false,ok,41740,D:\大黄算法？？？\卫戍协议干员头像包\04_IV阶\066_Ⅳ阶_莱恩哈特.png,https://media.prts.wiki/0/03/%E5%A4%B4%E5%83%8F_%E8%8E%B1%E6%81%A9%E5%93%88%E7%89%B9.png?v=szalic2rz1jbeipnd02oig3mvznbf8t,
67,4,Ⅳ阶,缄默德克萨斯,Misery(卫戍协议),false,ok,30826,D:\大黄算法？？？\卫戍协议干员头像包\04_IV阶\067_Ⅳ阶_缄默德克萨斯.png,https://media.prts.wiki/b/b8/%E5%A4%B4%E5%83%8F_%E7%BC%84%E9%BB%98%E5%BE%B7%E5%85%8B%E8%90%A8%E6%96%AF.png?v=4pjiel1zhxtqapyofpsrpeswitjyyf9,
68,4,Ⅳ阶,星熊,Mechanist(卫戍协议),false,ok,29859,D:\大黄算法？？？\卫戍协议干员头像包\04_IV阶\068_Ⅳ阶_星熊.png,https://media.prts.wiki/0/07/%E5%A4%B4%E5%83%8F_%E6%98%9F%E7%86%8A.png?v=jffdwfpgrelh2reslps7tz18ulhf4r2,
69,4,Ⅳ阶,泥岩,预备干员-重装(卫戍协议),false,ok,34881,D:\大黄算法？？？\卫戍协议干员头像包\04_IV阶\069_Ⅳ阶_泥岩.png,https://media.prts.wiki/0/06/%E5%A4%B4%E5%83%8F_%E6%B3%A5%E5%B2%A9.png?v=49fgq1g0xiboxlwvo310bmin0pbx8xg,
70,4,Ⅳ阶,焰尾,郁金香(卫戍协议),false,ok,49370,D:\大黄算法？？？\卫戍协议干员头像包\04_IV阶\070_Ⅳ阶_焰尾.png,https://media.prts.wiki/c/c8/%E5%A4%B4%E5%83%8F_%E7%84%B0%E5%B0%BE.png?v=52u5l6ogq1fb4e34258tlvvwbslteft,
71,4,Ⅳ阶,远牙,预备干员-狙击(卫戍协议),false,ok,43589,D:\大黄算法？？？\卫戍协议干员头像包\04_IV阶\071_Ⅳ阶_远牙.png,https://media.prts.wiki/a/a1/%E5%A4%B4%E5%83%8F_%E8%BF%9C%E7%89%99.png?v=cjgx57gvodjf9p1sz9wedgrl062x1x8,
72,4,Ⅳ阶,白面鸮,,false,ok,30416,D:\大黄算法？？？\卫戍协议干员头像包\04_IV阶\072_Ⅳ阶_白面鸮.png,https://media.prts.wiki/8/83/%E5%A4%B4%E5%83%8F_%E7%99%BD%E9%9D%A2%E9%B8%AE.png?v=oxkyoznug2wwno4pqffn7e9xfhm3kdf,
73,4,Ⅳ阶,银灰,Sharp(卫戍协议),false,ok,35225,D:\大黄算法？？？\卫戍协议干员头像包\04_IV阶\073_Ⅳ阶_银灰.png,https://media.prts.wiki/2/27/%E5%A4%B4%E5%83%8F_%E9%93%B6%E7%81%B0.png?v=1i8pembblpw2lh4ohyk3d8xkabtv6mk,
74,4,Ⅳ阶,百炼嘉维尔,Sharp(卫戍协议),false,ok,41262,D:\大黄算法？？？\卫戍协议干员头像包\04_IV阶\074_Ⅳ阶_百炼嘉维尔.png,https://media.prts.wiki/1/1b/%E5%A4%B4%E5%83%8F_%E7%99%BE%E7%82%BC%E5%98%89%E7%BB%B4%E5%B0%94.png?v=j6wbpmnoqcezr2wzl9kpcpzsnc20jfi,
75,4,Ⅳ阶,卡涅利安,预备干员-术师(卫戍协议),false,ok,43980,D:\大黄算法？？？\卫戍协议干员头像包\04_IV阶\075_Ⅳ阶_卡涅利安.png,https://media.prts.wiki/d/dd/%E5%A4%B4%E5%83%8F_%E5%8D%A1%E6%B6%85%E5%88%A9%E5%AE%89.png?v=lqjdznxqkuh8787wbpksq63mdqbyb9b,
76,4,Ⅳ阶,魔王,,false,ok,53765,D:\大黄算法？？？\卫戍协议干员头像包\04_IV阶\076_Ⅳ阶_魔王.png,https://media.prts.wiki/d/de/%E5%A4%B4%E5%83%8F_%E9%AD%94%E7%8E%8B.png?v=85sqer56kte6tf8uqd5ck47d1azt2gv,
77,4,Ⅳ阶,华法琳,,false,ok,25058,D:\大黄算法？？？\卫戍协议干员头像包\04_IV阶\077_Ⅳ阶_华法琳.png,https://media.prts.wiki/3/30/%E5%A4%B4%E5%83%8F_%E5%8D%8E%E6%B3%95%E7%90%B3.png?v=ap3efof13o6k84yxaikiatacyl0t8za,
78,5,Ⅴ阶,妮芙,Stormeye(卫戍协议),false,ok,62345,D:\大黄算法？？？\卫戍协议干员头像包\05_V阶\078_Ⅴ阶_妮芙.png,https://media.prts.wiki/1/1a/%E5%A4%B4%E5%83%8F_%E5%A6%AE%E8%8A%99.png?v=alvn9ms4isxfjifu7xnxxufdsxwlehg,
79,5,Ⅴ阶,圣约送葬人,预备干员-先锋(卫戍协议),false,ok,36558,D:\大黄算法？？？\卫戍协议干员头像包\05_V阶\079_Ⅴ阶_圣约送葬人.png,https://media.prts.wiki/7/7e/%E5%A4%B4%E5%83%8F_%E5%9C%A3%E7%BA%A6%E9%80%81%E8%91%AC%E4%BA%BA.png?v=fm2ydjo7xcqosyhpfkqmrnxlydkzjly,
80,5,Ⅴ阶,缇缇,预备干员-术师(卫戍协议),false,ok,46506,D:\大黄算法？？？\卫戍协议干员头像包\05_V阶\080_Ⅴ阶_缇缇.png,https://media.prts.wiki/a/aa/%E5%A4%B4%E5%83%8F_%E7%BC%87%E7%BC%87.png?v=t1z66o4bsce5s9q7knu0pl6h5yyh1ci,
81,5,Ⅴ阶,烛煌,Pith(卫戍协议),false,ok,69505,D:\大黄算法？？？\卫戍协议干员头像包\05_V阶\081_Ⅴ阶_烛煌.png,https://media.prts.wiki/c/c4/%E5%A4%B4%E5%83%8F_%E7%83%9B%E7%85%8C.png?v=nacgl8c6n3gy1ky0xhij6bizu2vtvex,
82,5,Ⅴ阶,乌尔比安,预备干员-重装(卫戍协议),false,ok,52780,D:\大黄算法？？？\卫戍协议干员头像包\05_V阶\082_Ⅴ阶_乌尔比安.png,https://media.prts.wiki/3/33/%E5%A4%B4%E5%83%8F_%E4%B9%8C%E5%B0%94%E6%AF%94%E5%AE%89.png?v=erkdb9iq6ce7e44nsl5g670mto2a5ex,
83,5,Ⅴ阶,隐德来希,Sharp(卫戍协议),false,ok,47992,D:\大黄算法？？？\卫戍协议干员头像包\05_V阶\083_Ⅴ阶_隐德来希.png,https://media.prts.wiki/4/4c/%E5%A4%B4%E5%83%8F_%E9%9A%90%E5%BE%B7%E6%9D%A5%E5%B8%8C.png?v=qg7ztkr60x3c0av8qds8sj9dh6vkafs,
84,5,Ⅴ阶,史尔特尔,预备干员-近卫(卫戍协议),false,ok,30884,D:\大黄算法？？？\卫戍协议干员头像包\05_V阶\084_Ⅴ阶_史尔特尔.png,https://media.prts.wiki/e/e1/%E5%A4%B4%E5%83%8F_%E5%8F%B2%E5%B0%94%E7%89%B9%E5%B0%94.png?v=fbm73bi4y8in4o3t3v2vn9ivd8k3ars,
85,5,Ⅴ阶,号角,Mechanist(卫戍协议),false,ok,37370,D:\大黄算法？？？\卫戍协议干员头像包\05_V阶\085_Ⅴ阶_号角.png,https://media.prts.wiki/3/3f/%E5%A4%B4%E5%83%8F_%E5%8F%B7%E8%A7%92.png?v=8ilp64kmim49q05ivgeftffnln1jhpw,
86,5,Ⅴ阶,铃兰,预备干员-辅助(卫戍协议),false,ok,36440,D:\大黄算法？？？\卫戍协议干员头像包\05_V阶\086_Ⅴ阶_铃兰.png,https://media.prts.wiki/5/55/%E5%A4%B4%E5%83%8F_%E9%93%83%E5%85%B0.png?v=jgayfxxivn07ty2mypddgrohdmurmwp,
87,5,Ⅴ阶,塞雷娅,Touch(卫戍协议),false,ok,38114,D:\大黄算法？？？\卫戍协议干员头像包\05_V阶\087_Ⅴ阶_塞雷娅.png,https://media.prts.wiki/e/ee/%E5%A4%B4%E5%83%8F_%E5%A1%9E%E9%9B%B7%E5%A8%85.png?v=clcti2a1h3t8dir3xr5cj50ugdywmbk,
88,5,Ⅴ阶,夕,Raidian(卫戍协议),false,ok,41401,D:\大黄算法？？？\卫戍协议干员头像包\05_V阶\088_Ⅴ阶_夕.png,https://media.prts.wiki/6/6b/%E5%A4%B4%E5%83%8F_%E5%A4%95.png?v=05pgktprleudrjunncfez668l7fjh8i,
89,5,Ⅴ阶,归溟幽灵鲨,Sharp(卫戍协议),false,ok,39793,D:\大黄算法？？？\卫戍协议干员头像包\05_V阶\089_Ⅴ阶_归溟幽灵鲨.png,https://media.prts.wiki/b/be/%E5%A4%B4%E5%83%8F_%E5%BD%92%E6%BA%9F%E5%B9%BD%E7%81%B5%E9%B2%A8.png?v=ryhnqr5rd1f1qyk6ezx4f5hnr9xomst,
90,5,Ⅴ阶,凛御银灰,郁金香(卫戍协议),false,ok,67501,D:\大黄算法？？？\卫戍协议干员头像包\05_V阶\090_Ⅴ阶_凛御银灰.png,https://media.prts.wiki/3/3d/%E5%A4%B4%E5%83%8F_%E5%87%9B%E5%BE%A1%E9%93%B6%E7%81%B0.png?v=7p8rcgzgto0sdnd0p3l03jwb7d0e8ph,
91,5,Ⅴ阶,引星棘刺,预备干员-狙击(卫戍协议),false,ok,46112,D:\大黄算法？？？\卫戍协议干员头像包\05_V阶\091_Ⅴ阶_引星棘刺.png,https://media.prts.wiki/3/3b/%E5%A4%B4%E5%83%8F_%E5%BC%95%E6%98%9F%E6%A3%98%E5%88%BA.png?v=hftp2zo8wg5lu3vvgo82rlhs8z985xr,
92,5,Ⅴ阶,山,Misery(卫戍协议),false,ok,34989,D:\大黄算法？？？\卫戍协议干员头像包\05_V阶\092_Ⅴ阶_山.png,https://media.prts.wiki/e/ec/%E5%A4%B4%E5%83%8F_%E5%B1%B1.png?v=dbptq9kaw5og7f52q0k9id3p6ytg7sv,
93,5,Ⅴ阶,玛恩纳,领主·Sharp,false,ok,32956,D:\大黄算法？？？\卫戍协议干员头像包\05_V阶\093_Ⅴ阶_玛恩纳.png,https://media.prts.wiki/0/08/%E5%A4%B4%E5%83%8F_%E7%8E%9B%E6%81%A9%E7%BA%B3.png?v=pjr3qx73w7wobb2l3oa8zp3ra90uk5i,
94,5,Ⅴ阶,安洁莉娜,Raidian(卫戍协议),false,ok,41972,D:\大黄算法？？？\卫戍协议干员头像包\05_V阶\094_Ⅴ阶_安洁莉娜.png,https://media.prts.wiki/c/ca/%E5%A4%B4%E5%83%8F_%E5%AE%89%E6%B4%81%E8%8E%89%E5%A8%9C.png?v=5g5aketczigelzqmzvu78lttrtcripr,
95,5,Ⅴ阶,寒檀,,false,ok,38138,D:\大黄算法？？？\卫戍协议干员头像包\05_V阶\095_Ⅴ阶_寒檀.png,https://media.prts.wiki/c/cd/%E5%A4%B4%E5%83%8F_%E5%AF%92%E6%AA%80.png?v=0exc5aep94hpws2y0xn4rsuaylvssy7,
96,5,Ⅴ阶,录武官,,false,ok,52603,D:\大黄算法？？？\卫戍协议干员头像包\05_V阶\096_Ⅴ阶_录武官.png,https://media.prts.wiki/0/09/%E5%A4%B4%E5%83%8F_%E5%BD%95%E6%AD%A6%E5%AE%98.png?v=gap0na4wnmmv5u8sfc5u9rhwybblb3h,
97,6,Ⅵ阶,蕾缪安,Stormeye(卫戍协议),false,ok,47845,D:\大黄算法？？？\卫戍协议干员头像包\06_VI阶\097_Ⅵ阶_蕾缪安.png,https://media.prts.wiki/c/c5/%E5%A4%B4%E5%83%8F_%E8%95%BE%E7%BC%AA%E5%AE%89.png?v=bm2uy3u8c0tssavni9ricncru215gpd,
98,6,Ⅵ阶,圣聆初雪,郁金香(卫戍协议),false,ok,72938,D:\大黄算法？？？\卫戍协议干员头像包\06_VI阶\098_Ⅵ阶_圣聆初雪.png,https://media.prts.wiki/a/ab/%E5%A4%B4%E5%83%8F_%E5%9C%A3%E8%81%86%E5%88%9D%E9%9B%AA.png?v=1yl1qxjdizjf8tlwppplu3v92mlrkcd,
99,6,Ⅵ阶,余,Mechanist(卫戍协议),false,ok,61033,D:\大黄算法？？？\卫戍协议干员头像包\06_VI阶\099_Ⅵ阶_余.png,https://media.prts.wiki/6/66/%E5%A4%B4%E5%83%8F_%E4%BD%99.png?v=jhixa5atfjbt5g4qkkzo0f9a79ivhbd,
100,6,Ⅵ阶,浊心斯卡蒂,Raidian(卫戍协议),false,ok,40419,D:\大黄算法？？？\卫戍协议干员头像包\06_VI阶\100_Ⅵ阶_浊心斯卡蒂.png,https://media.prts.wiki/8/80/%E5%A4%B4%E5%83%8F_%E6%B5%8A%E5%BF%83%E6%96%AF%E5%8D%A1%E8%92%82.png?v=tmnfcpnal7owf762hb3u3wkardwdiru,
101,6,Ⅵ阶,异客,Stormeye(卫戍协议),false,ok,36564,D:\大黄算法？？？\卫戍协议干员头像包\06_VI阶\101_Ⅵ阶_异客.png,https://media.prts.wiki/d/d2/%E5%A4%B4%E5%83%8F_%E5%BC%82%E5%AE%A2.png?v=rlxzw7cekf6a0hc3cqwbqitnhwg37z4,
102,6,Ⅵ阶,佩佩,Sharp(卫戍协议),false,ok,65561,D:\大黄算法？？？\卫戍协议干员头像包\06_VI阶\102_Ⅵ阶_佩佩.png,https://media.prts.wiki/8/85/%E5%A4%B4%E5%83%8F_%E4%BD%A9%E4%BD%A9.png?v=mwhtjm0zoeqjczr9tuejl4g9fdgmmln,
103,6,Ⅵ阶,维娜·维多利亚,领主·Sharp,false,ok,67328,D:\大黄算法？？？\卫戍协议干员头像包\06_VI阶\103_Ⅵ阶_维娜·维多利亚.png,https://media.prts.wiki/6/68/%E5%A4%B4%E5%83%8F_%E7%BB%B4%E5%A8%9C%C2%B7%E7%BB%B4%E5%A4%9A%E5%88%A9%E4%BA%9A.png?v=rjb6xpl27wi2fcdbjld0mh3xitztodx,
104,6,Ⅵ阶,焰影苇草,Pith(卫戍协议),false,ok,38485,D:\大黄算法？？？\卫戍协议干员头像包\06_VI阶\104_Ⅵ阶_焰影苇草.png,https://media.prts.wiki/9/94/%E5%A4%B4%E5%83%8F_%E7%84%B0%E5%BD%B1%E8%8B%87%E8%8D%89.png?v=12dgr15oe09yxkd6uqumj5mclc7lg7f,
105,6,Ⅵ阶,塑心,Touch(卫戍协议),false,ok,46613,D:\大黄算法？？？\卫戍协议干员头像包\06_VI阶\105_Ⅵ阶_塑心.png,https://media.prts.wiki/0/05/%E5%A4%B4%E5%83%8F_%E5%A1%91%E5%BF%83.png?v=bxclboldsgpc5grzx42xdm0jzkd03gf,
106,6,Ⅵ阶,缪尔赛思,郁金香(卫戍协议),false,ok,36750,D:\大黄算法？？？\卫戍协议干员头像包\06_VI阶\106_Ⅵ阶_缪尔赛思.png,https://media.prts.wiki/3/3a/%E5%A4%B4%E5%83%8F_%E7%BC%AA%E5%B0%94%E8%B5%9B%E6%80%9D.png?v=0glhi7ib6ywl4vw7yivef16vbdqbhkp,
107,6,Ⅵ阶,迷迭香,Pith(卫戍协议),false,ok,49361,D:\大黄算法？？？\卫戍协议干员头像包\06_VI阶\107_Ⅵ阶_迷迭香.png,https://media.prts.wiki/3/3b/%E5%A4%B4%E5%83%8F_%E8%BF%B7%E8%BF%AD%E9%A6%99.png?v=66djrrwric5g0dfuswhriarag1xw3bv,
108,6,Ⅵ阶,新约能天使,Misery(卫戍协议),false,ok,63413,D:\大黄算法？？？\卫戍协议干员头像包\06_VI阶\108_Ⅵ阶_新约能天使.png,https://media.prts.wiki/3/3a/%E5%A4%B4%E5%83%8F_%E6%96%B0%E7%BA%A6%E8%83%BD%E5%A4%A9%E4%BD%BF.png?v=av70a5muiedbvs9idgotrvdhimpe2ec,
109,6,Ⅵ阶,流明,,false,ok,33749,D:\大黄算法？？？\卫戍协议干员头像包\06_VI阶\109_Ⅵ阶_流明.png,https://media.prts.wiki/7/72/%E5%A4%B4%E5%83%8F_%E6%B5%81%E6%98%8E.png?v=g7q9utw0160d0a705vh92yx09zmqpfo,
110,6,Ⅵ阶,仇白,Raidian(卫戍协议),false,ok,40524,D:\大黄算法？？？\卫戍协议干员头像包\06_VI阶\110_Ⅵ阶_仇白.png,https://media.prts.wiki/8/8a/%E5%A4%B4%E5%83%8F_%E4%BB%87%E7%99%BD.png?v=d0m9sb0uavdepjuc45csvghm9tnkke2,
111,6,Ⅵ阶,溯光星源,,false,ok,73038,D:\大黄算法？？？\卫戍协议干员头像包\06_VI阶\111_Ⅵ阶_溯光星源.png,https://media.prts.wiki/d/d0/%E5%A4%B4%E5%83%8F_%E6%BA%AF%E5%85%89%E6%98%9F%E6%BA%90.png?v=tvum6znrfxc8fjixtuk5lfdzds4ws74,
112,6,Ⅵ阶,耀骑士临光,郁金香(卫戍协议),false,ok,44630,D:\大黄算法？？？\卫戍协议干员头像包\06_VI阶\112_Ⅵ阶_耀骑士临光.png,https://media.prts.wiki/0/03/%E5%A4%B4%E5%83%8F_%E8%80%80%E9%AA%91%E5%A3%AB%E4%B8%B4%E5%85%89.png?v=4t0ppza5ge4uxpeg9l0v6ox8ii69dvg,
113,6,Ⅵ阶,荒芜拉普兰德,Pith(卫戍协议),false,ok,42636,D:\大黄算法？？？\卫戍协议干员头像包\06_VI阶\113_Ⅵ阶_荒芜拉普兰德.png,https://media.prts.wiki/0/04/%E5%A4%B4%E5%83%8F_%E8%8D%92%E8%8A%9C%E6%8B%89%E6%99%AE%E5%85%B0%E5%BE%B7.png?v=6co3ll60y706ao01a85ocyka88xr5do,
114,6,Ⅵ阶,锏,Misery(卫戍协议),false,ok,56762,D:\大黄算法？？？\卫戍协议干员头像包\06_VI阶\114_Ⅵ阶_锏.png,https://media.prts.wiki/0/0f/%E5%A4%B4%E5%83%8F_%E9%94%8F.png?v=adgujoovt19nkqsjha08obtkygf425m,
115,6,Ⅵ阶,纯烬艾雅法拉,Touch(卫戍协议),false,ok,57966,D:\大黄算法？？？\卫戍协议干员头像包\06_VI阶\115_Ⅵ阶_纯烬艾雅法拉.png,https://media.prts.wiki/f/f0/%E5%A4%B4%E5%83%8F_%E7%BA%AF%E7%83%AC%E8%89%BE%E9%9B%85%E6%B3%95%E6%8B%89.png?v=6afevkucqk7rf2h4dkhzu6pxxu4xi39,